image_id,camera,volume,file_spec,res_kmpx,res_band,face,opening_bin,obs_opening_deg,solar_opening_deg,phase_min_deg,phase_max_deg,ring_rmin_km,ring_rmax_km,regions,n_regions,n_catalog_edges,edge_rms_min_km,edge_rms_max_km,in_spokes_bundle,background,role
N1560314913_1,N,COISS_2032,data/1560303820_1560343297/N1560314913_1.LBL,1.526,0-5,lit,mid,-18.05,-12.06,35.9,36.4,74200,76331,C_inner,1,3,0.14,0.16,False,sky,primary:C_inner
W1883611779_1,W,COISS_2116,data/1883585911_1883641009/W1883611779_1.LBL,5.313,5-25,unlit,mid,-10.33,26.69,97.3,102.3,71165,82817,C_inner,1,10,0.11,0.94,False,sky,primary:C_inner
N1537019704_1,N,COISS_2025,data/1537013395_1537024388/N1537019704_1.LBL,25.786,25-100,unlit,mid,15.07,-15.85,178.5,179.0,60691,79419,C_inner,1,10,0.11,0.94,False,sky,primary:C_inner
W1745007975_1,W,COISS_2082,data/1744876372_1745176161/W1745007975_1.LBL,107.295,100-300,unlit,open,-38.46,18.25,68.6,69.7,60284,83198,C_inner,1,10,0.11,0.94,False,mixed,primary:C_inner
N1573288043_1,N,COISS_2039,data/1573283993_1573337211/N1573288043_1.LBL,303.493,300-1000,unlit,near-plane,3.59,-9.84,44.5,44.8,60297,78901,C_inner,1,8,0.13,0.94,False,mixed,primary:C_inner
W1572585736_1,W,COISS_2038,data/1572563415_1572639225/W1572585736_1.LBL,1004.639,1000-3000,unlit,near-plane,2.25,-9.96,23.5,27.1,61304,2997709,C_inner+C_outer+B_inner_feats+B_outer_huygens+CassiniDiv_mid+A_inner+Encke+Keeler_A_outer,8,79,0.08,10.18,False,planet,primary:C_inner
N1532407832_1,N,COISS_2024,data/1532374774_1532425248/N1532407832_1.LBL,2.073,0-5,unlit,near-plane,6.55,-16.57,79.7,80.1,86488,89264,C_outer,1,10,0.09,0.76,False,sky,primary:C_outer
N1591693813_1,N,COISS_2045,data/1591692527_1591765706/N1591693813_1.LBL,5.009,5-25,lit,open,-66.76,-6.6,74.7,75.1,87426,90328,C_outer,1,14,0.08,0.76,False,sky,primary:C_outer
N1541104714_1,N,COISS_2026,data/1541102878_1541231378/N1541104714_1.LBL,26.32,25-100,unlit,open,31.92,-15.21,161.5,162.0,81255,97012,C_outer,1,23,0.08,0.76,False,sky,primary:C_outer
W1872479866_1,W,COISS_2112,data/1872477866_1872486233/W1872479866_1.LBL,100.575,100-300,unlit,open,-26.88,26.73,165.3,169.4,60605,91559,C_inner+C_outer,2,33,0.08,0.94,False,sky,primary:C_outer
W1741173197_1,W,COISS_2081,data/1741136012_1741299024/W1741173197_1.LBL,351.106,300-1000,unlit,open,-43.29,17.77,76.9,80.4,60661,97623,C_inner+C_outer,2,33,0.08,0.94,False,mixed,primary:C_outer
N1539331550_1,N,COISS_2026,data/1539330605_1539461612/N1539331550_1.LBL,4.62,0-5,unlit,mid,14.53,-15.49,66.5,67.0,97523,104128,B_inner_feats,1,4,0.11,0.14,False,sky,primary:B_inner_feats
N1477593061_1,N,COISS_2007,data/1477517306_1477600896/N1477593061_1.LBL,7.431,5-25,unlit,near-plane,7.92,-23.56,31.9,32.4,100515,107540,B_inner_feats,1,3,0.11,0.14,False,sky,primary:B_inner_feats
N1537020098_1,N,COISS_2025,data/1537013395_1537024388/N1537020098_1.LBL,25.777,25-100,unlit,mid,15.06,-15.85,177.7,178.2,92327,110112,B_inner_feats,1,4,0.11,0.14,False,sky,primary:B_inner_feats
W1737786689_1,W,COISS_2080,data/1737368484_1738015483/W1737786689_1.LBL,126.792,100-300,unlit,open,-32.01,17.33,64.2,68.6,60300,118191,C_inner+C_outer+B_inner_feats+B_outer_huygens,4,44,0.08,7.56,False,mixed,primary:B_inner_feats
W1741129397_1,W,COISS_2081,data/1740831219_1741135663/W1741129397_1.LBL,356.13,300-1000,unlit,open,-39.22,17.76,71.0,74.6,60269,109180,C_inner+C_outer+B_inner_feats,3,37,0.08,0.94,False,mixed,primary:B_inner_feats
N1595342355_1,N,COISS_2047,data/1595302104_1595345092/N1595342355_1.LBL,1.14,0-5,lit,open,-59.49,-5.95,83.9,84.3,116119,117835,B_outer_huygens,1,3,1.3,7.56,False,sky,primary:B_outer_huygens
N1553207351_1,N,COISS_2030,data/1553197943_1553209950/N1553207351_1.LBL,5.481,5-25,unlit,open,26.52,-13.25,160.1,160.6,111909,118217,B_outer_huygens,1,7,0.41,7.56,False,sky,primary:B_outer_huygens
N1477308958_2,N,COISS_2007,data/1477241124_1477309268/N1477308958_2.LBL,25.562,25-100,lit,near-plane,-7.46,-23.59,47.7,48.2,92394,119949,B_inner_feats+B_outer_huygens+CassiniDiv_mid,3,21,0.09,7.56,False,sky,primary:B_outer_huygens
W1764696612_1,W,COISS_2086,data/1764684406_1765019615/W1764696612_1.LBL,141.915,100-300,unlit,open,-34.1,20.54,67.3,70.4,60315,117728,C_inner+C_outer+B_inner_feats+B_outer_huygens,4,38,0.08,7.56,False,mixed,primary:B_outer_huygens
W1737790255_1,W,COISS_2080,data/1737368484_1738015483/W1737790255_1.LBL,521.221,300-1000,unlit,open,-32.26,17.33,64.6,69.0,60524,117618,C_inner+C_outer+B_inner_feats+B_outer_huygens,4,38,0.08,7.56,False,mixed,primary:B_outer_huygens
N1560311811_1,N,COISS_2032,data/1560303820_1560343297/N1560311811_1.LBL,0.992,0-5,lit,mid,-18.36,-12.06,42.8,43.2,119481,120570,CassiniDiv_mid,1,8,0.1,0.44,False,sky,primary:CassiniDiv_mid
N1541557055_1,N,COISS_2026,data/1541532936_1541685658/N1541557055_1.LBL,6.675,5-25,lit,near-plane,-5.05,-15.14,143.5,144.0,105457,121996,B_outer_huygens+CassiniDiv_mid,2,24,0.09,7.56,False,sky,primary:CassiniDiv_mid
N1556711016_1,N,COISS_2031,data/1556455512_1556712149/N1556711016_1.LBL,25.455,25-100,unlit,mid,19.86,-12.66,62.9,63.3,114743,133261,B_outer_huygens+CassiniDiv_mid+A_inner,3,25,0.09,7.56,False,sky,primary:CassiniDiv_mid
W1539414102_1,W,COISS_2026,data/1539330605_1539461612/W1539414102_1.LBL,103.557,100-300,unlit,open,45.17,-15.48,102.0,105.6,119543,170899,CassiniDiv_mid+A_inner+Encke+Keeler_A_outer,4,26,0.1,10.18,False,sky,primary:CassiniDiv_mid
N1870086522_1,N,COISS_2112,data/1870085621_1870107503/N1870086522_1.LBL,0.657,0-5,unlit,open,-41.69,26.72,123.6,124.1,121962,122795,A_inner,1,1,1.14,1.14,False,sky,primary:A_inner
N1610300874_1,N,COISS_2052,data/1610170124_1610310850/N1610300874_1.LBL,6.791,5-25,unlit,mid,17.95,-3.28,32.5,33.0,120929,128872,A_inner,1,1,1.14,1.14,False,sky,primary:A_inner
W1575402005_1,W,COISS_2039,data/1575313792_1575487821/W1575402005_1.LBL,28.604,25-100,lit,near-plane,-6.72,-9.47,21.2,25.1,121294,230720,A_inner+Encke+Keeler_A_outer,3,18,0.81,10.18,False,sky,primary:A_inner
W1865187543_1,W,COISS_2110,data/1865139061_1865187618/W1865187543_1.LBL,113.329,100-300,unlit,open,-30.18,26.69,169.0,172.7,122575,228402,A_inner+Encke+Keeler_A_outer,3,17,0.81,10.18,False,sky,primary:A_inner
N1870084830_1,N,COISS_2112,data/1869980499_1870085550/N1870084830_1.LBL,0.479,0-5,unlit,open,-31.4,26.72,119.6,120.1,133437,134058,Encke,1,1,0.81,0.81,False,sky,primary:Encke
N1556031079_1,N,COISS_2031,data/1556031079_1556119025/N1556031079_1.LBL,5.037,5-25,unlit,open,43.1,-12.78,142.6,143.1,128025,133547,Encke,1,1,0.95,0.95,False,sky,primary:Encke
N1771437765_1,N,COISS_2088,data/1771314694_1771937724/N1771437765_1.LBL,25.055,25-100,lit,open,38.05,21.25,104.5,105.0,124130,160225,Encke+Keeler_A_outer,2,17,0.81,10.18,False,sky,primary:Encke
W1577457538_1,W,COISS_2040,data/1577451795_1577641583/W1577457538_1.LBL,129.194,100-300,unlit,open,22.67,-9.11,39.6,44.6,118818,366529,CassiniDiv_mid+A_inner+Encke+Keeler_A_outer,4,30,0.1,10.18,False,sky,primary:Encke
N1863267115_1,N,COISS_2110,data/1863231911_1863269539/N1863267115_1.LBL,0.288,0-5,lit,near-plane,3.43,26.67,69.3,69.7,136317,136688,Keeler_A_outer,1,8,1.01,3.62,False,sky,primary:Keeler_A_outer
N1723616238_1,N,COISS_2076,data/1723604110_1724046535/N1723616238_1.LBL,5.004,5-25,lit,mid,10.37,15.43,5.2,5.6,134271,141592,Keeler_A_outer,1,15,1.01,10.18,False,sky,primary:Keeler_A_outer
N1555486776_1,N,COISS_2031,data/1555449244_1555593613/N1555486776_1.LBL,25.32,25-100,unlit,open,32.93,-12.87,74.1,74.6,126282,154751,Encke+Keeler_A_outer,2,17,0.81,10.18,False,sky,primary:Keeler_A_outer
N1484916091_1,N,COISS_2009,data/1484846724_1485147239/N1484916091_1.LBL,101.283,100-300,lit,near-plane,-5.13,-22.82,97.4,97.9,109686,271254,B_outer_huygens+CassiniDiv_mid+A_inner+Encke+Keeler_A_outer,5,42,0.09,10.18,False,sky,primary:Keeler_A_outer
N1641853869_1,N,COISS_2060,data/1641842917_1642001856/N1641853869_1.LBL,1.789,0-5,unlit,mid,-17.1,2.33,162.2,162.7,72890,75251,C_inner,1,1,0.16,0.16,False,sky,spare:C_inner
N1748914497_1,N,COISS_2083,data/1748912951_1748998308/N1748914497_1.LBL,5.339,5-25,lit,open,35.6,18.73,23.2,23.7,75465,81465,C_inner,1,9,0.11,0.94,False,sky,spare:C_inner
N1573275711_1,N,COISS_2039,data/1573264561_1573275905/N1573275711_1.LBL,72.001,25-100,unlit,near-plane,3.56,-9.84,44.3,44.6,60269,95362,C_inner+C_outer,2,33,0.08,0.94,False,mixed,spare:C_inner
N1573240997_1,N,COISS_2039,data/1573197858_1573242760/N1573240997_1.LBL,133.414,100-300,unlit,near-plane,3.5,-9.84,43.2,43.5,60276,76432,C_inner,1,3,0.14,0.16,False,mixed,spare:C_inner
N1573263994_1,N,COISS_2039,data/1573253264_1573264561/N1573263994_1.LBL,315.443,300-1000,unlit,near-plane,3.54,-9.84,43.7,44.1,60275,84115,C_inner+C_outer,2,10,0.11,0.94,False,mixed,spare:C_inner
N1574016951_1,N,COISS_2039,data/1573971723_1574139696/N1574016951_1.LBL,2.729,0-5,lit,near-plane,-3.64,-9.71,62.5,62.9,87229,93481,C_outer,1,17,0.08,0.76,False,mixed,spare:C_outer
N1632167769_1,N,COISS_2057,data/1631536097_1632169224/N1632167769_1.LBL,11.706,5-25,lit,near-plane,7.81,0.62,10.4,10.9,82136,95301,C_outer,1,23,0.08,0.76,False,sky,spare:C_outer
N1537019964_1,N,COISS_2025,data/1537013395_1537024388/N1537019964_1.LBL,25.781,25-100,unlit,mid,15.06,-15.85,178.0,178.5,81778,99705,C_outer,1,23,0.08,0.76,False,sky,spare:C_outer
W1764696636_1,W,COISS_2086,data/1764684406_1765019615/W1764696636_1.LBL,141.916,100-300,unlit,open,-34.11,20.54,67.4,70.4,60269,117744,C_inner+C_outer+B_inner_feats+B_outer_huygens,4,38,0.08,7.56,False,mixed,spare:C_outer
N1878581678_1,N,COISS_2115,data/1878550039_1878599612/N1878581678_1.LBL,0.808,0-5,lit,open,61.69,26.72,61.9,62.4,102688,103912,B_inner_feats,1,1,0.11,0.11,False,sky,spare:B_inner_feats
N1586711062_1,N,COISS_2044,data/1586693110_1586727382/N1586711062_1.LBL,5.001,5-25,lit,mid,-18.95,-7.48,19.5,20.0,100952,106709,B_inner_feats,1,3,0.11,0.14,False,sky,spare:B_inner_feats
N1477308275_2,N,COISS_2007,data/1477241124_1477309268/N1477308275_2.LBL,25.6,25-100,lit,near-plane,-7.47,-23.59,47.4,47.9,81429,110179,C_outer+B_inner_feats,2,27,0.08,0.76,False,sky,spare:B_inner_feats
W1764696655_1,W,COISS_2086,data/1764684406_1765019615/W1764696655_1.LBL,141.918,100-300,unlit,open,-34.11,20.54,67.4,70.4,60336,117733,C_inner+C_outer+B_inner_feats+B_outer_huygens,4,38,0.08,7.56,False,mixed,spare:B_inner_feats
N1536485154_1,N,COISS_2025,data/1536481558_1536500809/N1536485154_1.LBL,2.361,0-5,lit,mid,-17.34,-15.94,110.8,111.3,115388,118097,B_outer_huygens,1,6,0.45,7.56,False,sky,spare:B_outer_huygens
N1617920398_1,N,COISS_2054,data/1617917998_1618066143/N1617920398_1.LBL,7.039,5-25,lit,open,-52.1,-1.91,83.0,83.4,107480,117965,B_outer_huygens,1,6,0.45,7.56,False,sky,spare:B_outer_huygens
N1556711360_1,N,COISS_2031,data/1556455512_1556712149/N1556711360_1.LBL,25.465,25-100,unlit,mid,19.86,-12.66,62.7,63.1,105491,123907,B_outer_huygens+CassiniDiv_mid+A_inner,3,25,0.09,7.56,False,sky,spare:B_outer_huygens
W1764696672_1,W,COISS_2086,data/1764684406_1765019615/W1764696672_1.LBL,141.919,100-300,unlit,open,-34.11,20.54,67.4,70.5,60272,117741,C_inner+C_outer+B_inner_feats+B_outer_huygens,4,38,0.08,7.56,False,mixed,spare:B_outer_huygens
N1862642919_1,N,COISS_2110,data/1862640829_1862791637/N1862642919_1.LBL,0.675,0-5,lit,open,36.81,26.66,50.1,50.6,118358,119334,CassiniDiv_mid,1,4,0.09,0.25,False,sky,spare:CassiniDiv_mid
N1541557304_1,N,COISS_2026,data/1541532936_1541685658/N1541557304_1.LBL,6.67,5-25,lit,near-plane,-5.08,-15.14,143.4,143.9,105454,121805,B_outer_huygens+CassiniDiv_mid,2,24,0.09,7.56,False,sky,spare:CassiniDiv_mid
N1747231097_1,N,COISS_2082,data/1747004243_1747232837/N1747231097_1.LBL,25.066,25-100,unlit,near-plane,-4.74,18.52,31.5,31.9,117961,184030,CassiniDiv_mid+A_inner+Encke+Keeler_A_outer,4,36,0.09,10.18,False,sky,spare:CassiniDiv_mid
N1575404246_2,N,COISS_2039,data/1575313792_1575487821/N1575404246_2.LBL,3.056,0-5,lit,near-plane,-6.42,-9.47,23.8,24.2,119125,123777,CassiniDiv_mid+A_inner,2,11,0.1,1.14,False,sky,spare:A_inner
N1547772129_1,N,COISS_2028,data/1547690481_1547828349/N1547772129_1.LBL,5.463,5-25,unlit,near-plane,4.25,-14.14,42.8,43.3,115662,131991,B_outer_huygens+CassiniDiv_mid+A_inner,3,25,0.09,7.56,False,sky,spare:A_inner
N1804918917_1,N,COISS_2094,data/1804916225_1804940498/N1804918917_1.LBL,28.798,25-100,lit,near-plane,7.19,24.19,62.6,63.0,120593,153839,A_inner+Encke+Keeler_A_outer,3,18,0.81,10.18,False,sky,spare:A_inner
N1849441813_1,N,COISS_2106,data/1849402227_1849570498/N1849441813_1.LBL,5.824,5-25,unlit,mid,-15.36,26.4,155.8,156.2,123756,133443,Encke,1,1,0.95,0.95,False,sky,spare:Encke
N1771437798_1,N,COISS_2088,data/1771314694_1771937724/N1771437798_1.LBL,25.042,25-100,lit,open,38.05,21.25,104.5,105.0,124172,160222,Encke+Keeler_A_outer,2,17,0.81,10.18,False,sky,spare:Encke
N1863268347_1,N,COISS_2110,data/1863231911_1863269539/N1863268347_1.LBL,0.174,0-5,unlit,near-plane,-5.57,26.67,93.2,93.6,136388,136626,Keeler_A_outer,1,8,1.01,3.62,False,sky,spare:Keeler_A_outer
N1622022571_1,N,COISS_2054,data/1621968663_1622025718/N1622022571_1.LBL,5.229,5-25,unlit,near-plane,3.0,-1.18,37.9,38.4,134986,160769,Keeler_A_outer,1,15,1.01,10.18,False,sky,spare:Keeler_A_outer
N1595508005_1,N,COISS_2047,data/1595478550_1595518992/N1595508005_1.LBL,25.166,25-100,lit,near-plane,-7.0,-5.92,25.8,26.2,122990,158988,Encke+Keeler_A_outer,2,17,0.81,10.18,False,sky,spare:Keeler_A_outer
N1836779926_1,N,COISS_2102,data/1836779429_1836822297/N1836779926_1.LBL,102.144,100-300,lit,mid,11.31,25.98,106.9,107.3,60275,99551,C_inner+C_outer,2,33,0.08,0.94,False,sky,geometry-fill
W1883585911_1,W,COISS_2116,data/1883585911_1883641009/W1883585911_1.LBL,100.502,100-300,lit,open,40.47,26.69,117.3,119.6,98219,116914,B_inner_feats,1,4,0.11,0.14,False,mixed,geometry-fill
W1559627040_1,W,COISS_2032,data/1559509757_1559710245/W1559627040_1.LBL,134.178,100-300,unlit,mid,9.42,-12.18,51.7,55.3,118877,650310,CassiniDiv_mid+A_inner+Encke+Keeler_A_outer,4,30,0.1,10.18,False,sky,geometry-fill
W1464621381_1,W,COISS_2003,data/1464620747_1464768633/W1464621381_1.LBL,1026.955,1000-3000,lit,mid,-16.35,-24.7,65.7,69.3,61853,2866638,C_inner+C_outer+B_inner_feats+B_outer_huygens+CassiniDiv_mid+A_inner+Encke+Keeler_A_outer,8,79,0.08,10.18,False,mixed,geometry-fill
N1638880417_1,N,COISS_2059,data/1638879897_1638952267/N1638880417_1.LBL,1114.886,1000-3000,lit,near-plane,0.3,1.81,133.7,134.1,113051,706750,B_outer_huygens+CassiniDiv_mid+A_inner+Encke+Keeler_A_outer,5,42,0.09,10.18,False,sky,geometry-fill
W1625678627_1,W,COISS_2056,data/1625673819_1625759468/W1625678627_1.LBL,1014.257,1000-3000,unlit,mid,10.71,-0.53,136.6,140.9,78112,429538,C_inner+C_outer+B_inner_feats+B_outer_huygens+CassiniDiv_mid+A_inner+Encke+Keeler_A_outer,8,71,0.08,10.18,False,mixed,geometry-fill
N1585899014_1,N,COISS_2044,data/1585899014_1585900596/N1585899014_1.LBL,27.553,25-100,lit,mid,-14.8,-7.63,15.4,15.8,104023,116973,B_inner_feats,1,1,0.14,0.14,False,sky,geometry-fill
N1473289330_1,N,COISS_2006,data/1473237704_1473296557/N1473289330_1.LBL,300.293,300-1000,lit,mid,-16.76,-23.96,83.2,83.6,61263,112772,C_inner+C_outer+B_inner_feats,3,37,0.08,0.94,False,sky,geometry-fill
N1493959934_2,N,COISS_2012,data/1493944443_1493966860/N1493959934_2.LBL,302.225,300-1000,lit,near-plane,-0.4,-21.8,93.6,94.0,114231,1190375,B_outer_huygens+CassiniDiv_mid+A_inner+Encke+Keeler_A_outer,5,42,0.09,10.18,False,sky,geometry-fill
W1717426245_1,W,COISS_2074,data/1717300844_1717529466/W1717426245_1.LBL,822.829,300-1000,unlit,mid,-14.5,14.56,94.1,97.7,60390,131923,C_inner+C_outer+B_inner_feats+B_outer_huygens+CassiniDiv_mid+A_inner,6,62,0.08,7.56,False,mixed,geometry-fill
